{"cameraMode":{"drawMode":0,"name":"Shaded","section":"Shading Mode"},"sceneLighting":true,"audioPlay":false,"sceneViewState":{"m_AlwaysRefresh":false,"showFog":true,"showSkybox":true,"showFlares":true,"showImageEffects":true,"showParticleSystems":true,"showVisualEffectGraphs":true,"m_FxEnabled":true},"in2DMode":false,"pivot":{"x":3.2691450119018556,"y":5.957633018493652,"z":1.7587008476257325},"rotation":{"x":0.6713366508483887,"y":0.06747200340032578,"z":-0.06161005049943924,"w":0.7355193495750427},"size":2.1247448921203615,"orthographic":false}